{
    "category": "General",
    "changelog": "First version\n",
    "description": "This Jellyfin plugin allows you to specify filepath patterns to ignore when performing a library scan. It can for example ignore specific file extensions (like .m3u). The patterns can be specified on the plugin configuration page.\n",
    "guid": "277cd84e-44c3-45a1-8f3c-2537ddac0ccf",
    "image": "image.png",
    "name": "Jellyfin Ignore",
    "overview": "Specifiy filepath patterns to ignore on library scan",
    "owner": "fdett",
    "targetAbi": "10.8.0.0",
    "timestamp": "2023-03-23T15:57:37Z",
    "version": "0.2303.2315.5735"
}